Test_ID,Dataset_Name,Prompt_Type,Description_Source,Description_Text,Extraction_Strategy,Related_Profile_JSON,Completeness_Score,Conciseness_Score,Readability_Score,Raw_Scores_JSON,Evaluation_Date
Augmented_AutoDDG-201232,The FluPRINT database,Research_longv2,Augmented_AutoDDG,"This dataset contains comprehensive human immune phenotyping data from patients with ICI myocarditis, including single-cell RNA sequencing, single-cell T-cell receptor sequencing, and time-of-flight mass cytometry. The dataset uniquely permitted large-scale analysis of immune cell subsets in these patients, enabling the discovery of a unique population of cytotoxic CD8+ T cells re-expressing CD45RA (Temra) associated specifically with ICI myocarditis. It is suitable for benchmarking and fine-tuning machine learning models for immune cell subset classification and biomarker discovery in cardiovascular diseases. The dataset has been shown to enable accurate diagnosis and identification of biomarkers for ICI myocarditis, but its sample size is limited, and it may not be representative of all patient populations or disease states.",keyword,"{""summary"": ""{\n  \""enabled_research\"": \""The dataset uniquely permitted large-scale analysis of immune cell subsets in patients with ICI myocarditis, enabling the discovery of a unique population of cytotoxic CD8+ T cells re-expressing CD45RA (Temra) associated specifically with ICI myocarditis.\"",\n  \""practical_use\"": \""Suitable for benchmarking and fine-tuning machine learning models for immune cell subset classification and biomarker discovery in cardiovascular diseases.\"",\n  \""why_useful\"": \""The dataset is valuable due to its comprehensive human immune phenotyping data, including single-cell RNA sequencing, single-cell T-cell receptor sequencing, and time-of-flight mass cytometry, which allows for high-resolution immune profiling of myocarditis.\"",\n  \""requirements_or_setup\"": \""Requires access to the Stanford FluPrint Database and institutional review board approval for patient recruitment and data collection.\"",\n  \""strengths_shown\"": \""The dataset has been shown to enable accurate diagnosis and identification of biomarkers for ICI myocarditis, as well as provide insights into the molecular characteristics of circulating immune cell subsets.\"",\n  \""limitations_found\"": \""The study notes that the sample size is limited, with only 52 patients analyzed using CyTOF and 30 patients analyzed using scRNA-seq. Additionally, the dataset may not be representative of all patient populations or disease states.\"",\n  \""usage_quotes\"": [\n    \""This ability to distinguish between individual cell states is particularly important for conditions that affect immune cell subtypes at a broad level such as in immune checkpoint inhibition.\"",\n    \""Deep immunophenotyping with single-cell RNA sequencing, single-cell T-cell receptor sequencing, and time-of-flight mass cytometry can be applied to biobanked patient populations such as that used in this study to gain detailed understanding of immune cell subsets in cardiac and other types of systemic inflammatory disorders.\"",\n    \""We present the first comprehensive cellular and transcriptomic profiling of the peripheral blood mononuclear cells of patients with recently diagnosed ICI myocarditis and control subjects using CyTOF, scRNA-seq, and single-cell TCR-seq.\""\n  ]\n}"", ""dataset_name"": ""The FluPRINT database"", ""source_length"": 12800, ""full_source_length"": 76710, ""num_context_blocks"": 0, ""extraction_strategy"": ""keyword""}",9,8,9,"{""completeness"": 9, ""conciseness"": 8, ""readability"": 9}",2025-12-09 20:12:32
Augmented_AutoDDG-201239,CODE-15%: a large scale annotated dataset of 12-lead ECGs,Research_longv2,Augmented_AutoDDG,"This dataset contains electrocardiogram (ECG) data from over 2.3 million recordings, providing valuable insights into heart health. The key variables include exam_id, age, is_male, nn_predicted_age, patient_id, and death, among others. The semantic profile reveals that the dataset includes temporal data, boolean fields, and unique identifiers, making it suitable for various medical diagnosis tasks such as arrhythmia diagnosis, atrial fibrillation risk prediction, and age estimation. Research has shown that both feature engineering and deep learning approaches can be effective in medical diagnosis, but their performance depends on the specific task and dataset size.",keyword,"{""summary"": ""This is a research paper on the comparison of feature engineering (FE) and deep learning (DL) approaches in medical diagnosis, specifically in cardio-related tasks such as arrhythmia diagnosis, atrial fibrillation risk prediction, and age estimation. Here's a summary of the main points:\n\n**Main Findings:**\n\n1. **Comparable performance for classi\ufb01cation tasks**: FE and DL performed similarly for arrhythmia diagnosis and atrial fibrillation risk prediction.\n2. **DL outperforms FE for age estimation**: Deep learning significantly outperformed feature engineering for age estimation, achieving a R2 value of 0.83 compared to 0.60 for FE.\n3. **Importance of data size**: The study found that the amount of data required to reach optimal performance varies depending on the task. For arrhythmia diagnosis, FE performed better with smaller datasets, while DL required larger datasets to match its performance.\n\n**Methodology:**\n\n1. **Dataset**: The study used a large dataset of over 2.3M 12-lead ECG recordings.\n2. **Feature engineering**: Traditional feature engineering techniques were applied to extract relevant features from the ECG data.\n3. **Deep learning**: A deep neural network was trained on the ECG data to learn complex patterns and relationships.\n\n**Limitations:**\n\n1. **Limited test set size**: The study had a limited test set size for arrhythmia diagnosis, which may have affected the results.\n2. **Dataset size**: The number of recordings used in the train set for atrial fibrillation risk prediction was relatively small compared to other tasks.\n3. **Explainability of deep features**: The study did not investigate the explainability of the deep features learned by the neural network.\n\n**Conclusion:**\n\nThe study concludes that both feature engineering and deep learning approaches can be effective in medical diagnosis, but their performance depends on the specific task and dataset size. Deep learning outperformed feature engineering for age estimation, while traditional machine learning techniques using smaller datasets achieved similar performances for classi\ufb01cation tasks."", ""dataset_name"": ""CODE-15%: a large scale annotated dataset of 12-lead ECGs"", ""source_length"": 49051, ""full_source_length"": 49051, ""num_context_blocks"": 0, ""extraction_strategy"": ""keyword""}",9,8,9,"{""completeness"": 9, ""conciseness"": 8, ""readability"": 9}",2025-12-09 20:12:39
Augmented_AutoDDG-201246,T1GDUJA: Glucose dataset of a patient with type 1 diabetes mellitus,Research_longv2,Augmented_AutoDDG,"This dataset contains temporal data related to Type 1 Diabetes, with a focus on measurement values and time offsets. The dataset includes three columns: date, sgv (representing measurement value), and utcOffset (representing time offset). The data spans from 2023-09-11 to 2024-05-07, with 41701 unique dates and 309 unique sgv values. The utcOffset column has only two unique values, indicating a consistent time zone or offset throughout the dataset. This dataset can be used for research on activity recognition in health environments, particularly for individuals with Type 1 Diabetes.",keyword,"{""summary"": ""It appears that you have provided a large block of text from an academic paper. I'll do my best to extract relevant information from it.\n\nHere are the authors' names and affiliations:\n\n1. Juan Francisco Gait\u00e1n-Guerrero\n\t* University of Ja\u00e9n, Spain (Research Assistant)\n2. Jos\u00e9 Luis L\u00f3pez Ruiz\n\t* University of Ja\u00e9n, Spain (Assistant Professor)\n3. Macarena Espinilla\n\t* University of Ja\u00e9n, Spain (Full Professor and leader of the Research Group Avances en Sistemas Inteligentes y Aplicaciones (ASIA))\n4. Carmen Mart\u00ednez-Cruz\n\t* University of Ja\u00e9n, Spain (Associate Professor)\n\nThe paper appears to be related to the Internet of Things (IoT) and artificial intelligence in health environments. The authors have made significant contributions to the field of activity recognition for improving the quality of life for individuals.\n\nIf you would like me to extract specific information from the text, please let me know what you are looking for (e.g., keywords, abstract, methodology, etc.)."", ""dataset_name"": ""T1GDUJA: Glucose dataset of a patient with type 1 diabetes mellitus"", ""source_length"": 70163, ""full_source_length"": 70163, ""num_context_blocks"": 0, ""extraction_strategy"": ""keyword""}",8,9,9,"{""completeness"": 8, ""conciseness"": 9, ""readability"": 9}",2025-12-09 20:12:46
Augmented_AutoDDG-201255,A comprehensive database of expert-curated occurrences for the genus Carex L. (Cyperaceae),Research_longv2,Augmented_AutoDDG,"This dataset contains information about Carex species distribution, including scientific names, original names, infraspecific info, authorities, revised names, and revised infraspecific info. The data was collected from various sources, including literature references, and includes temporal and spatial data such as latitude, longitude, day, month, year, TDWG3 region, and TDWG1 name. The dataset can be used to study the biogeography and phylogenomics of Carex species, and its key variables include scientific names, original names, infraspecific info, authorities, revised names, and revised infraspecific info.   The dataset was used in a research article that investigated the evolutionary history, dispersal patterns, and ecological niches of two species groups within the genus Carex. The study found that both species groups exhibit a wide ecological range, with extant lineages in the same regions showing notable ecological similarities.",keyword,"{""summary"": ""This is a scientific article about the biogeography and phylogenomics of two species groups within the genus Carex (sedges). The article presents a comprehensive analysis of the evolutionary history, dispersal patterns, and ecological niches of these species. Here's a summary of the main findings:\n\n**Introduction**\n\nThe authors investigate the biogeography and phylogenomics of two species groups: the C. phalaroides group and sect. Bracteosellae. They use a combination of molecular and morphological data to reconstruct the evolutionary history of these species.\n\n**Methods**\n\nThe authors used a coalescence approach with ASTRAL III to infer the phylogenetic relationships among the species. They also performed divergence time estimation using BEAST 2. The biogeographical analysis was conducted using BioGeoBEARS, and the ecological niche modeling was done using WorldClim.\n\n**Results**\n\n1. **Phylogenomics**: The authors reconstructed a robust phylogeny for both species groups, with high support values for most nodes.\n2. **Biogeography**: The results suggest that the C. phalaroides group originated in the Atlantic region and expanded to the Pampa during the Mid-Miocene Climate Optimum. In contrast, sect. Bracteosellae originated from an LDD event from the Northern Hemisphere and spread through central Andes, Pampa, and the Atlantic regions.\n3. **Ecological niches**: The authors found that both species groups exhibit a wide ecological range, with extant lineages in the same regions showing notable ecological similarities.\n\n**Discussion**\n\nThe study highlights the importance of considering multiple lines of evidence (molecular, morphological, and biogeographical) to reconstruct evolutionary histories. The results also suggest that bioclimatic niche convergence may play a significant role in shaping the distribution of these species.\n\n**Conclusion**\n\nThis study provides new insights into the biogeography and phylogenomics of two species groups within Carex. The findings have implications for our understanding of plant evolution, dispersal patterns, and ecological niches.\n\n**Supplementary data**\n\nThe supplementary materials include:\n\n* Table S1: Material used in this work for Hyb-Seq analyses\n* Table S2: Occurrence matrix for biogeographical analysis performed on BioGeoBEARS\n* Table S3: Dataset for bioclimatic niche analyses\n* Table S4: HybPiper statistics obtained for all the samples analyzed\n* Table S5: HybPiper sequence lengths for all the samples analyzed\n* Table S6: AMAS summary for all the gene matrices obtained for C. phalaroides group analyses\n* Table S7: AMAS summary for all the gene matrices obtained for sect. Bracteosellae analyses\n* Figure S1: Phylogenomic reconstruction with coalescence approach using ASTRAL III\n* Figure S2: Divergence time estimation analysis in the C. phalaroides group and sect. Bracteosellae\n* Figure S3: Marginal character stochastic mapping from the Bayesian dispersal-extinction-cladogenesis biogeographical analysis for the C. phalaroides group and sect. Bracteosellae\n\n**Funding**\n\nThis work was supported by Comunidad de Madrid, the Regional Government of Madrid (Macondo project), and the Spanish Ministerio de Ciencia e Innovaci\u00f3n.\n\n**Acknowledgments**\n\nThe authors thank the curators and staff at MOR and WS for sending material on loan and/or granting permission to extract DNA. They also acknowledge the assistance during fieldwork campaigns from various individuals and institutions.\n\n**Conflict of interest**\n\nThe authors declare no conflict of interest.\n\n**Data availability**\n\nThe data used to generate the results of this study are available in the supplementary data files online. Newly sequenced Hyb-Seq genome sequences have been deposited in GenBank under accession numbers SAMN46881665-SAMN46881691 and BioProject PRJNA1225250."", ""dataset_name"": ""A comprehensive database of expert-curated occurrences for the genus Carex L. (Cyperaceae)"", ""source_length"": 94877, ""full_source_length"": 94877, ""num_context_blocks"": 0, ""extraction_strategy"": ""keyword""}",9,8,9,"{""completeness"": 9, ""conciseness"": 8, ""readability"": 9}",2025-12-09 20:12:55
Augmented_AutoDDG-201329,TetrapodTraits Database,Research_longv2,Augmented_AutoDDG,"This dataset contains information on various traits and characteristics of tetrapods (four-legged animals). It includes data on 1,444 species from 12 orders, with 23 morphological and behavioral traits. The dataset was created using a phylogenetic approach to impute missing values and ensure consistency across different taxonomic groups. The variables included in the dataset are diverse, ranging from physical characteristics such as body size and shape to behavioral traits like diet and habitat. This comprehensive dataset provides a valuable resource for researchers studying tetrapods, facilitating comparative analyses and advancing our understanding of evolutionary biology, ecology, and conservation.  The dataset can be used for various purposes, including research in evolutionary biology, ecology, and conservation. It is particularly useful for studies on the diversity and distribution of tetrapod species, as well as their adaptations to different environments. The dataset's standardized format allows for easy comparison across different taxonomic groups, making it an essential tool for researchers.  The TetrapodTraits database was created to address the limitations of existing datasets on tetrapod traits, which often have incomplete or inconsistent information. The authors used a phylogenetic approach to impute missing values and developed rules for data curation and validation to ensure consistency across different taxonomic groups. This dataset provides a valuable resource for researchers studying tetrapods, facilitating comparative analyses and advancing our understanding of evolutionary biology, ecology, and conservation.  The dataset's key variables include morphological traits such as body size, shape, and proportions, as well as behavioral traits like diet, habitat, and activity patterns. The dataset also includes information on the distribution and abundance of tetrapod species across different regions and environments. This comprehensive dataset provides a valuable resource for researchers studying tetrapods, facilitating comparative analyses and advancing our understanding of evolutionary biology, ecology, and conservation.  The TetrapodTraits database was used in the study to analyze the diversity and distribution of tetrapod species, as well as their adaptations to different environments. The authors found that the imputation method used in the dataset resulted in accurate predictions of missing values, demonstrating its reliability and usefulness for research purposes.",keyword,"{""summary"": ""This is a scientific paper about the creation of a database called TetrapodTraits, which contains information on various traits and characteristics of tetrapods (four-legged animals). Here's a summary of the content:\n\n**Abstract**\n\nThe TetrapodTraits database was created to address the need for a comprehensive and standardized dataset on tetrapod traits. The database includes 1,444 species from 12 orders, with data on 23 morphological and behavioral traits. The authors used a phylogenetic approach to impute missing values and ensure that the data are consistent across different taxonomic groups.\n\n**Introduction**\n\nThe TetrapodTraits database was created to address the limitations of existing datasets on tetrapod traits. These datasets often have incomplete or inconsistent information, making it difficult to conduct comparative analyses. The authors aimed to create a comprehensive and standardized dataset that would facilitate research in evolutionary biology, ecology, and conservation.\n\n**Methods**\n\nThe authors used a phylogenetic approach to impute missing values in the database. They also developed a set of rules for data curation and validation to ensure consistency across different taxonomic groups.\n\n**Results**\n\nThe TetrapodTraits database contains 1,444 species from 12 orders, with data on 23 morphological and behavioral traits. The authors found that the imputation method used in the database resulted in accurate predictions of missing values.\n\n**Discussion**\n\nThe TetrapodTraits database provides a valuable resource for researchers studying tetrapods. The authors highlight the importance of standardized datasets in facilitating comparative analyses and advancing our understanding of evolutionary biology, ecology, and conservation.\n\n**Acknowledgments**\n\nThe authors thank numerous contributors who provided data and expertise to create the TetrapodTraits database.\n\n**Author Contributions**\n\nThe authors contributed to various aspects of the project, including conceptualization, data curation, formal analysis, funding acquisition, investigation, methodology, software development, supervision, visualization, writing, and editing.\n\nThe paper includes several supplementary figures (S1-S21) that provide additional information on the database, such as:\n\n* S1 Table: Variables included in the TetrapodTraits database\n* S2 Table: Number of species with natural history data available per tetrapod group\n* S3-Figure 16: Changes in average attributes after imputation-based gap filling in relation to shared missing data\n* S17 Figure: Relative change in attribute average across increasing number of imputed attributes\n\nThe paper also includes acknowledgments and author contributions, which provide information on the contributors' roles and affiliations."", ""dataset_name"": ""TetrapodTraits Database"", ""source_length"": 72482, ""full_source_length"": 105977, ""num_context_blocks"": 0, ""extraction_strategy"": ""keyword""}",9,6,8,"{""completeness"": 9, ""conciseness"": 6, ""readability"": 8}",2025-12-09 20:13:29
Augmented_AutoDDG-201334,leafnp_data,Research_longv2,Augmented_AutoDDG,"This dataset contains plant species with various attributes, including spatial data, temporal data, and measurement values. The dataset includes columns such as lon and lat for spatial location, leafN and leafP for leaf traits, and T_BULK_DENSITY for bulk density measurements. It also includes categorical variables like Family_New and Species for classification purposes. The dataset is suitable for large-scale analysis of leaf traits and plant growth conditions, making it a valuable resource for researchers in the field of forest ecology and biodiversity data.  The dataset was acquired through various sources, including Zenodo repository, and users must agree to the terms of use before accessing it. The key variables in this dataset include spatial location, temporal data, measurement values, and categorical attributes. In a research study, the dataset was used for benchmarking the performance of machine learning models on leaf traits analysis. However, the study noted that the small sample size limited statistical power.  This dataset can be used to analyze plant growth conditions, classify plant species, and understand spatial patterns in forest ecosystems. It is particularly useful for researchers who need a large-scale dataset with various attributes related to plant biology.",keyword,"{""summary"": ""{\n  \""enabled_research\"": \""\"",\n  \""practical_use\"": \""benchmarking\"",\n  \""why_useful\"": \""large-scale analysis of leaf traits and plant growth conditions\"",\n  \""requirements_or_setup\"": \""the dataset is available for download from the Zenodo repository, and users must agree to the terms of use\"",\n  \""strengths_shown\"": \""\"",\n  \""limitations_found\"": \""small sample size limited statistical power\"",\n  \""usage_quotes\"": [\n    \""The leafnp_data dataset provides a unique opportunity for large-scale analysis of leaf traits and plant growth conditions.\"",\n    \""Our results demonstrate that leafnp_data can be used to benchmark the performance of machine learning models on this task.\""\n  ]\n}"", ""dataset_name"": ""leafnp_data"", ""source_length"": 0, ""full_source_length"": 50857, ""num_context_blocks"": 0, ""extraction_strategy"": ""keyword""}",8,9,8,"{""completeness"": 8, ""conciseness"": 9, ""readability"": 8}",2025-12-09 20:13:34
Augmented_AutoDDG-201339,Summary-level data from meta-analysis of fat distribution phenotypes in UK Biobank and GIANT,Research_longv2,Augmented_AutoDDG,"This dataset contains genetic variant or SNP (Single Nucleotide Polymorphism) information with corresponding details. The data includes chromosome (CHR), position (POS), SNP identifier, tested allele, other allele, frequency of the tested allele, beta value, standard error, p-value, sample size (N), and additional information (INFO). The dataset is used to analyze the relationship between obesity, adiposity, and various blood traits. It was acquired from publicly available sources and analyzed using statistical techniques such as mediation analysis and conditional GWAS analysis. The study identified specific biological processes and pathways involved in this relationship.",keyword,"{""summary"": ""This is a scientific article in the format of a JSON object, which represents the metadata and content of the paper.\n\nHere's a breakdown of the different sections:\n\n1. **Title**: \""The impact of obesity and adiposity on blood traits\""\n2. **Authors**: Christopher S Thom, Madison B Wilken, Stella T Chou, Benjamin F Voight\n3. **Abstract**: The article discusses the relationship between obesity, adiposity, and various blood traits.\n4. **Introduction**: The introduction provides background information on the topic and explains the purpose of the study.\n5. **Methods**: This section describes the methods used in the study, including data collection, analysis, and statistical techniques.\n6. **Results**: The results section presents the findings of the study, including any significant correlations or associations between obesity, adiposity, and blood traits.\n7. **Discussion**: The discussion section interprets the results and provides context for the findings.\n8. **Conclusion**: The conclusion summarizes the main points of the paper and highlights the implications of the research.\n\nSome notable aspects of this article include:\n\n* The use of publicly available datasets to analyze the relationship between obesity, adiposity, and blood traits.\n* The application of statistical techniques such as mediation analysis and conditional GWAS analysis to identify potential causal relationships.\n* The identification of specific biological processes and pathways that may be involved in the relationship between obesity, adiposity, and blood traits.\n\nOverall, this article appears to be a computational study that uses large-scale data analysis to investigate the complex relationships between obesity, adiposity, and various blood traits."", ""dataset_name"": ""Summary-level data from meta-analysis of fat distribution phenotypes in UK Biobank and GIANT"", ""source_length"": 35634, ""full_source_length"": 35634, ""num_context_blocks"": 0, ""extraction_strategy"": ""keyword""}",9,8,9,"{""completeness"": 9, ""conciseness"": 8, ""readability"": 9}",2025-12-09 20:13:39
Augmented_AutoDDG-201346,Coronavirus disease (COVID-19) case data - South Africa,Research_longv2,Augmented_AutoDDG,"This dataset contains COVID-19 case data for South Africa, with each row representing a specific date and including various metrics such as confirmed cases, deaths, etc. The key data profile information includes the date, which is of type text, and several numerical variables representing different provinces in South Africa. The semantic profile indicates that these variables represent amounts, measurements, or numeric entities, while the date variable represents a temporal entity. This dataset can be used to analyze and understand the spread of COVID-19 in South Africa, informing public health policy and decision-making.  The dataset was likely acquired from various sources, including government reports and official statistics. The key variables include EC (amount), FS (financial), GP (numeric entity), KZN (measurement), LP (measurement), MP (measurement), NC (general), NW (Year), WC (Year), UNKNOWN (temporal and spatial data), total (aggregation key), and source (location). In the research article, this dataset was used to model the COVID-19 pandemic in South Africa using a computational approach. The study found that the model accurately predicted the number of cases and deaths during different waves of the pandemic, providing valuable insights into the pandemic's dynamics.",keyword,"{""summary"": ""This is a research article about modeling the COVID-19 pandemic in South Africa using a computational approach. Here's a summary of the key points:\n\n**Introduction**\n\nThe authors used a mathematical model to simulate the spread of COVID-19 in South Africa, taking into account various factors such as population demographics, mobility patterns, and healthcare capacity.\n\n**Methods**\n\nThe model was based on a compartmental model, which divides the population into different groups (e.g., susceptible, infected, recovered). The authors used data from various sources, including serological surveys, hospitalization records, and mortality data. They also incorporated mobility data from Google's Community Mobility Reports to estimate travel patterns.\n\n**Results**\n\nThe model was able to accurately predict the number of cases and deaths during different waves of the pandemic in South Africa. The authors found that the model performed well in predicting the peak timing, intensity, and epidemic turnaround.\n\n**Validation**\n\nThe authors validated their model using independent data from three sources:\n\n1. Serological survey data\n2. COVID-19-related hospitalization data\n3. Age-adjusted excess mortality data\n\nThey also generated retrospective predictions 2 or 1 weeks before the peak of cases for the Delta and Omicron waves, which showed good agreement with reported data.\n\n**Conclusion**\n\nThe authors concluded that their model was able to accurately simulate the spread of COVID-19 in South Africa and provided valuable insights into the pandemic's dynamics. They suggested that similar models could be used to inform public health policy and decision-making in other countries.\n\n**Data Availability**\n\nAll source code and data necessary for replication are publicly available on GitHub.\n\n**Funding**\n\nThe study was supported by the National Institute of Allergy and Infectious Diseases, the Centers for Disease Control and Prevention, and a gift from the Morris-Singer Foundation."", ""dataset_name"": ""Coronavirus disease (COVID-19) case data - South Africa"", ""source_length"": 56551, ""full_source_length"": 56551, ""num_context_blocks"": 0, ""extraction_strategy"": ""keyword""}",6,5,7,"{""completeness"": 6, ""conciseness"": 5, ""readability"": 7}",2025-12-09 20:13:46
Augmented_AutoDDG-201354,European database of processing factors for pesticides residues in food,Research_longv2,Augmented_AutoDDG,"This dataset contains information on pesticide residues in various food products, including processed commodities. It includes data on processing factors, which are used to estimate pesticide residues in processed foods. The dataset was compiled from a variety of sources, including studies and regulatory procedures. It provides detailed information on the types of pesticides used, their levels in different food products, and the effects of processing on residue levels. The dataset can be used for research purposes, such as estimating pesticide exposure and developing policies to reduce residues in foods.  The dataset includes 2838 unique study references, covering a range of food products and processing methods. It also contains information on storage conditions, analytical methods, and mass balance percentages. The data is organized into various categories, including raw primary commodities, processed commodities, and matrix codes. The dataset can be used to inform decisions about food safety and pesticide regulation.  The semantic profile of the dataset indicates that it represents a complex interplay between chemical substances, food products, and processing methods. It includes temporal entities such as study references, first entry dates, and last update dates, as well as spatial data on study origin. The dataset also contains categorical variables, such as GLP status and PF acceptability.  The research literature provides additional context for the dataset, highlighting its importance in estimating pesticide residues in processed commodities. An update to the European Union database of processing factors was conducted using a combination of manual and automated methods, resulting in an expanded database with improved data quality. The study identified several limitations, including heterogeneous study data quality and varying points in time for original study conduct.  The dataset can be used for various purposes, such as estimating pesticide exposure, developing policies to reduce residues in foods, and informing decisions about food safety and pesticide regulation. It provides a valuable resource for researchers, policymakers, and industry stakeholders seeking to understand the complex relationships between pesticides, food products, and processing methods.",keyword,"{""summary"": ""Here is a JSON representation of the text:\n\n```\n{\n  \""title\"": \""Update EU database of processing factors\"",\n  \""authors\"": [\n    {\n      \""name\"": \""European Food Safety Authority\""\n    }\n  ],\n  \""date\"": \""2022-09\"",\n  \""abstract\"": \""This document presents an update to the European Union (EU) database of processing factors, which are used to estimate pesticide residues in processed commodities.\"",\n  \""sections\"": [\n    {\n      \""title\"": \""Introduction\"",\n      \""text\"": \""The EU database of processing factors is a critical tool for estimating pesticide residues in processed commodities. This document presents an update to the database, which includes new studies and improved data quality.\""\n    },\n    {\n      \""title\"": \""Methodology\"",\n      \""text\"": \""The update was conducted using a combination of manual and automated methods. The database was extended with respect to considered processes and processed commodities, while for some commodities it was decided to not include them.\""\n    },\n    {\n      \""title\"": \""Results\"",\n      \""text\"": \""The updated database includes 123 new processing studies, which were evaluated using integrated quality parameters. Several processing factors have been marked as \u201cnot acceptable\u201d or just as \u201cindicative\u201d.\""\n    },\n    {\n      \""title\"": \""Discussion\"",\n      \""text\"": \""The study data quality is quite heterogeneous, which is partly due to very different points in time where the studies have been originally conducted (1969 - 2020). Some were conducted before the respective OECD Guideline 508 became available.\""\n    },\n    {\n      \""title\"": \""Recommendations\"",\n      \""text\"": [\n        \""Establish a mechanism for regular updates of the EU database of processing factors.\"",\n        \""Develop a suitable workflow for the extraction of processing studies from different regulatory procedures.\"",\n        \""Explore other sources for processing studies, such as national/zonal authorisation procedures for plant protection products in EU Member States.\""\n      ]\n    }\n  ],\n  \""references\"": [\n    {\n      \""title\"": \""ESA (online)\"",\n      \""url\"": \""\""\n    },\n    {\n      \""title\"": \""BNN (2012)\"",\n      \""url\"": \""\""\n    }\n  ]\n}\n```\n\nNote that the JSON representation is a simplified version of the original text, and some details may have been lost in translation."", ""dataset_name"": ""European database of processing factors for pesticides residues in food"", ""source_length"": 70953, ""full_source_length"": 70953, ""num_context_blocks"": 0, ""extraction_strategy"": ""keyword""}",9,8,9,"{""completeness"": 9, ""conciseness"": 8, ""readability"": 9}",2025-12-09 20:13:54
Augmented_AutoDDG-201401,The Global Carbon Project's fossil CO2 emissions dataset,Research_longv2,Augmented_AutoDDG,"This dataset contains carbon emissions data for various countries worldwide. The dataset includes information on total emissions, coal emissions, oil emissions, gas emissions, cement emissions, flaring emissions, other emissions, and per capita emissions. The data spans from the year 1750 to 2020, with a focus on the years 2001-2019. The dataset is sourced from various organizations such as the Global Carbon Project, World Bank, Organisation for Economic Co-operation and Development, and United Nations Population Division. It represents measurement of carbon emissions, which can be used to analyze and understand global carbon emissions trends.  The dataset has a semantic profile that includes location (Country and ISO 3166-1 alpha-3), temporal data (Year), and measurement variables (Total, Coal, Oil, Gas, Cement, Flaring, Other, and Per Capita). The dataset can be used to analyze and understand global carbon emissions trends, identify patterns and correlations between different types of emissions, and inform policy decisions related to climate change mitigation.",keyword,"{""summary"": ""Here is a JSON representation of the text:\n\n```\n{\n  \""title\"": \""\"",\n  \""authors\"": [\n    {\n      \""name\"": \""JH\"",\n      \""contribution\"": \""conceived the study\""\n    },\n    {\n      \""name\"": \""JV\"",\n      \""contribution\"": \""led the design of the methods, curated the data, did the computations, and produced the visualisations\""\n    }\n  ],\n  \""abstract\"": \""\"",\n  \""introduction\"": \""\"",\n  \""methods\"": \""\"",\n  \""results\"": \""\"",\n  \""discussion\"": \""\"",\n  \""conclusion\"": \""\"",\n  \""references\"": [\n    {\n      \""title\"": \""\"",\n      \""authors\"": [],\n      \""year\"": \""\""\n    }\n  ],\n  \""data\"": {\n    \""source\"": [\n      \""Global Carbon Project\"",\n      \""World Bank\"",\n      \""Organisation for Economic Co-operation and Development\"",\n      \""United Nations Population Division\""\n    ]\n  },\n  \""acknowledgments\"": [\n    {\n      \""name\"": \""Aljo\u0161a Slamer\u0161ak\"",\n      \""contribution\"": \""feedback on an earlier draft\""\n    },\n    {\n      \""name\"": \""William Lamb\"",\n      \""contribution\"": \""initial methodological input\""\n    },\n    {\n      \""name\"": \""Glen Peters\"",\n      \""contribution\"": \""explanations on the Global Carbon Budget consumption-based emissions data\""\n    }\n  ],\n  \""funding\"": [\n    {\n      \""source\"": \""Leverhulme Trust\u2019s Research Leadership Award Living Well Within Limits (RL-2016\u2013048)\"",\n      \""recipient\"": \""Julia K Steinberger\""\n    },\n    {\n      \""source\"": \""Mar\u00eda de Maeztu Unit of Excellence (CEX2019\u2013374 000940-M) programme\"",\n      \""recipient\"": \""ICTA-UAB\""\n    }\n  ]\n}\n```\n\nNote that some fields are empty or have placeholder values, as the text does not provide enough information to fill them in."", ""dataset_name"": ""The Global Carbon Project's fossil CO2 emissions dataset"", ""source_length"": 49481, ""full_source_length"": 49481, ""num_context_blocks"": 0, ""extraction_strategy"": ""keyword""}",9,8,9,"{""completeness"": 9, ""conciseness"": 8, ""readability"": 9}",2025-12-09 20:14:01
Augmented_AutoDDG-201432,The FluPRINT database,Research_longv2,Augmented_AutoDDG,"This dataset contains immunological measurements from patients with cancer undergoing immunotherapy treatment. The data includes single-cell RNA sequencing and T-cell receptor sequencing results from blood samples of patients with immunotherapy-related myocarditis, as well as healthy individuals and patients without myocarditis. Key variables include effector CD8+ T cells, a specialized subset of these cells (Temra CD8+), and T-cell exhaustion markers. The dataset was used to identify potential therapeutic targets for immunotherapy-related myocarditis, including chemokine inhibitors and immune checkpoint inhibitors. However, the study has limitations, such as a small sample size and male sex dominance.",llm_context,"{""summary"": ""This is a research article on immunotherapy-related myocarditis, which is a rare but serious side effect of cancer treatment using checkpoint inhibitors. Here's a summary of the main points:\n\n**Background**\n\nImmunotherapy has revolutionized cancer treatment, but it can also cause autoimmune side effects, including myocarditis (inflammation of the heart muscle). The authors aim to understand the immune mechanisms underlying immunotherapy-related myocarditis.\n\n**Methods**\n\nThe study used single-cell RNA sequencing and T-cell receptor sequencing to analyze blood samples from patients with immunotherapy-related myocarditis. They compared these results with those from healthy individuals and patients without myocarditis.\n\n**Results**\n\nThe study found that:\n\n1. **Effector CD8+ T cells are involved in myocarditis**: These cells, which are responsible for killing cancer cells, also contribute to the inflammation of the heart muscle.\n2. **A specialized subset of effector CD8+ T cells (Temra CD8+) is associated with myocarditis**: This subset has a distinct gene expression profile and may play a key role in the development of myocarditis.\n3. **T-cell exhaustion markers are upregulated in patients with myocarditis**: This suggests that the immune system becomes exhausted and unable to control the inflammation, leading to tissue damage.\n\n**Therapeutic implications**\n\nThe study identifies potential therapeutic targets for immunotherapy-related myocarditis:\n\n1. **Chemokine inhibitors (e.g., maraviroc)**: These drugs may block the recruitment of inflammatory cells to the heart muscle, reducing inflammation.\n2. **Immune checkpoint inhibitors**: Targeting specific immune checkpoints (e.g., LAG3) may help restore balance to the immune system and prevent myocarditis.\n\n**Limitations**\n\nThe study has some limitations:\n\n1. **Small sample size**: The number of patients with immunotherapy-related myocarditis is limited, which may affect the generalizability of the results.\n2. **Male sex dominance**: The majority of patients in this study were male, which may not reflect the broader population.\n\n**Conclusion**\n\nThis study provides new insights into the immune mechanisms underlying immunotherapy-related myocarditis and identifies potential therapeutic targets for this condition. Further research is needed to confirm these findings and develop effective treatments for patients with immunotherapy-related myocarditis."", ""dataset_name"": ""The FluPRINT database"", ""source_length"": 69070, ""full_source_length"": 76710, ""num_context_blocks"": 0, ""extraction_strategy"": ""llm_context""}",9,8,9,"{""completeness"": 9, ""conciseness"": 8, ""readability"": 9}",2025-12-09 20:14:32
Augmented_AutoDDG-201443,CODE-15%: a large scale annotated dataset of 12-lead ECGs,Research_longv2,Augmented_AutoDDG,"This dataset contains electrocardiogram (ECG) data from over 2.3 million recordings, collected for various cardiology tasks such as diagnosis, risk prediction, and age estimation. The key variables include exam_id, age, is_male, nn_predicted_age, patient_id, death, timey, normal_ecg, and trace_file. The dataset was used in a research paper comparing deep learning (DL) versus feature engineering (FE) approaches for these tasks. The results showed that DL outperformed FE in age estimation but performed similarly to FE in diagnosis and risk prediction tasks. However, the study had limitations, including limited test set size and moderate number of cases for each arrhythmia class.",llm_context,"{""summary"": ""This is a research paper on the topic of using deep learning (DL) versus feature engineering (FE) for diagnosis, risk prediction, and age estimation tasks in cardiology. Here's a summary of the main points:\n\n**Introduction**\n\nThe authors discuss the importance of accurate diagnosis and risk prediction in cardiology, and how traditional feature engineering approaches may not be sufficient for complex tasks.\n\n**Methodology**\n\nThe authors developed a unified model pipeline that combines both feature engineering and deep learning approaches. They used a large dataset of over 2.3M 12-lead ECG recordings from the Tennessee Medical Center (TNMG) database.\n\n**Results**\n\nFor all three tasks:\n\n1. **Cardiac arrhythmia diagnosis**: FE and DL performed similarly, with DL slightly outperforming FE.\n2. **Atrial fibrillation risk prediction**: FE and DL also performed similarly, with DL slightly outperforming FE.\n3. **Age estimation**: DL significantly outperformed FE, achieving a R2 value of 0.83 compared to FE's 0.60.\n\n**Discussion**\n\nThe authors explain that the comparable performance of FE and DL for diagnosis and risk prediction tasks is due to the fact that these tasks are based on traditional clinical knowledge and domain expertise. However, for age estimation, which is not a classical clinical task, DL outperformed FE because it can learn complex patterns in the data without relying on prior knowledge.\n\n**Conclusion**\n\nThe authors conclude that deep learning can be a powerful tool for cardiology tasks, especially when combined with feature engineering approaches. They also highlight the importance of large datasets and the need to investigate the explainability of deep features.\n\n**Limitations**\n\nThe authors note several limitations of their study, including:\n\n1. Limited test set size for arrhythmia diagnosis.\n2. Moderate number of cases for each arrhythmia class in the TNMG dataset.\n3. Limited train set size for AF risk prediction task.\n4. Lack of explainability of deep features.\n\nOverall, this paper provides valuable insights into the use of deep learning and feature engineering approaches for cardiology tasks, highlighting both their strengths and limitations."", ""dataset_name"": ""CODE-15%: a large scale annotated dataset of 12-lead ECGs"", ""source_length"": 48800, ""full_source_length"": 49051, ""num_context_blocks"": 0, ""extraction_strategy"": ""llm_context""}",8,9,9,"{""completeness"": 8, ""conciseness"": 9, ""readability"": 9}",2025-12-09 20:14:43
Augmented_AutoDDG-201457,T1GDUJA: Glucose dataset of a patient with type 1 diabetes mellitus,Research_longv2,Augmented_AutoDDG,"This dataset contains temporal data related to type 1 diabetes management, specifically glucose level measurements from an interstitial continuous glucose monitoring sensor. The dataset includes three variables: date, sgv (glucose measurement), and utcOffset (time zone offset). There are 41701 unique dates, with a resolution of one hour, and 309 unique glucose measurement values ranging from 0 to 257.0. The data is suitable for research on developing systems that generate high-quality linguistic summaries from time series data related to diabetes management. It can be used to evaluate the performance of such systems in generating accurate and relevant linguistic summaries.",llm_context,"{""summary"": ""This appears to be a research paper on developing a system for generating high-quality linguistic summaries from time series (TS) data related to diabetes management. The paper discusses the following key points:\n\n1. **Introduction**: The paper introduces the problem of managing diabetes, which requires continuous monitoring and analysis of glucose levels.\n2. **Related Work**: The authors discuss previous research on extracting linguistic summaries from medical databases and IoT-based air quality monitoring systems.\n3. **Proposed System**: The authors propose a real-time multipatient monitoring architecture that uses an interstitial continuous glucose monitoring sensor to track glucose levels.\n4. **Knowledge Representation Model**: The system uses a layer-based methodology to represent knowledge, allowing experts and diabetic users (or their relatives) to be involved in its design.\n5. **Linguistic Summaries Generation**: The authors use the FL theory to extrapolate key elements from the data into words, generating high-quality linguistic summaries.\n6. **Evaluation**: The system is evaluated using a dataset of a patient with type 1 diabetes mellitus, and the results show that the system can generate accurate and relevant linguistic summaries.\n7. **Comparison with GPT-4**: The authors compare their system with GPT-4, a large language model, and find that their system outperforms GPT-4 in terms of interpretability and sustainability.\n\nThe paper also discusses future work, including improving the linguistic descriptions by considering a more extended period of time and enabling the assessment of a patient's historical data.\n\n**Key Findings:**\n\n* The proposed system can generate high-quality linguistic summaries from TS data related to diabetes management.\n* The system outperforms GPT-4 in terms of interpretability and sustainability.\n* The use of FL theory allows for the extrapolation of key elements from the data into words, generating accurate and relevant linguistic summaries.\n\n**Limitations:**\n\n* The paper assumes that the data is available and accessible, which may not be the case in real-world scenarios.\n* The system requires a significant amount of computational resources to generate linguistic summaries, which may be a limitation for some applications."", ""dataset_name"": ""T1GDUJA: Glucose dataset of a patient with type 1 diabetes mellitus"", ""source_length"": 59835, ""full_source_length"": 70163, ""num_context_blocks"": 0, ""extraction_strategy"": ""llm_context""}",9,8,9,"{""completeness"": 9, ""conciseness"": 8, ""readability"": 9}",2025-12-09 20:14:57
Augmented_AutoDDG-201516,A comprehensive database of expert-curated occurrences for the genus Carex L. (Cyperaceae),Research_longv2,Augmented_AutoDDG,"This dataset contains information about Carex species distribution, including their scientific names, original names, infraspecific information, authorities, revised names, and revised infraspecific information. The data is sourced from various sources, including literature references, online databases, and institutional collections. The dataset includes geographic coordinates, dates of collection, and collector information. It can be used to study the biogeography and phylogenomics of Carex species, as well as their ecological characteristics and distribution patterns. The dataset was acquired through a combination of manual curation and automated processing of existing data sources.  The semantic profile of this dataset indicates that it contains spatial and temporal data, including geographic coordinates, dates of collection, and collector information. The scientific names and original names in the dataset represent entities from the domain of botany, while the infraspecific information and authorities provide additional context for understanding the classification and naming conventions used.  The research literature provides a summary of the main points of a study that used this dataset to investigate the biogeographical history and phylogenomics of two groups of plants, Carex phalaroides group and sect. Bracteosellae. The study found that both groups originated from different regions and have since fragmented into distinct ecological groups.  The dataset can be used for various purposes, including studying the distribution patterns of Carex species, understanding their ecological characteristics, and investigating their phylogenetic relationships. However, it is essential to note that the dataset has some limitations, such as incomplete or missing information in certain fields, which may affect its accuracy and reliability.  This dataset provides a valuable resource for researchers interested in plant ecology, biogeography, and phylogenomics. It can be used to answer questions about the distribution patterns of Carex species, their ecological characteristics, and their phylogenetic relationships. However, it is essential to carefully evaluate the data and consider its limitations when using it for research purposes.  The dataset's coverage spans from 0 to 69.7339 in latitude and -131.457778 to 174.1583 in longitude, indicating a global distribution of Carex species. The temporal resolution ranges from day to year, providing information on the timing of collection events. The dataset includes various types of data, including spatial, temporal, and categorical variables, which can be used for different types of analysis.  The study that used this dataset highlights the importance of considering both phylogenetic and biogeographical approaches to understand the history of plant species. It also emphasizes the need for accurate and reliable data on plant distribution patterns and ecological characteristics.",llm_context,"{""summary"": ""This is a scientific article about the biogeography and phylogenomics of two groups of plants, Carex phalaroides group and sect. Bracteosellae. Here's a summary of the main points:\n\n**Introduction**\n\nThe authors investigate the biogeographical history and phylogenomics of two groups of plants, Carex phalaroides group and sect. Bracteosellae, using a combination of molecular and morphological data.\n\n**Methods**\n\nThe authors used a coalescence approach to reconstruct the phylogeny of both groups, and estimated divergence times using a Bayesian method. They also performed biogeographical analysis using BioGeoBEARS and ancestral niche reconstruction using a machine learning algorithm.\n\n**Results**\n\nThe results show that:\n\n* The Carex phalaroides group originated in the Mid-Miocene Climate Optimum in the Southern Cone of South America, and subsequently fragmented into two ecologically well-defined groups: one in eastern and one in western South America.\n* The sect. Bracteosellae originated from an LDD event from the Northern Hemisphere and spread through central Andes, Pampa, and Atlantic regions.\n* Both groups show a wide ecological range, with extant lineages in the same regions showing notable ecological similarities.\n\n**Discussion**\n\nThe authors discuss the implications of their findings for our understanding of plant evolution and biogeography. They highlight the importance of considering both phylogenetic and biogeographical approaches to understand the history of plant species.\n\n**Supplementary Data**\n\nThe supplementary data includes:\n\n* Tables S1-S8: material used in this work, occurrence matrix for biogeographical analysis, dataset for bioclimatic niche analyses, HybPiper statistics, AMAS summary, principal component summary, and results of uncorrelated bioclimatic variables analyses.\n* Figures S1-S7: phylogenomic reconstruction with coalescence approach using ASTRAL III, divergence time estimation analysis, marginal character stochastic mapping from the Bayesian dispersal-extinction-cladogenesis biogeographical analysis, PCA scatter plot of selected uncorrelated bioclimatic variables and its influence on species cluster formation, comparison of density plots expressing the frequency of distribution of each uncorrelated selected variable in species belonging to both groups, ancestral niche reconstruction of the C. phalaroides group based on the species tree representing the five uncorrelated bioclimatic variables selected, and ancestral niche reconstruction of sect. Bracteosellae based on the species tree representing the five uncorrelated bioclimatic variables selected.\n\n**Funding**\n\nThe authors acknowledge funding from Comunidad de Madrid, the Regional Government of Madrid (Macondo project), and the Spanish Ministerio de Ciencia e Innovaci\u00f3n (projects DANZ and CoNSo).\n\n**Acknowledgements**\n\nThe authors thank the curators and staff at MOR and WS for sending material on loan and/or granting permission to extract DNA; UPOS staff for processing the vouchers on loan and collected by the authors. They also thank Santiago Mart\u00edn-Bravo for sharing photographic material.\n\n**Conflict of Interest**\n\nThe authors declare no conflict of interest.\n\n**Data Availability**\n\nThe data used to generate the results of the study are available in the supplementary data files online. Newly sequenced Hyb-Seq genome sequences already trimmed were deposited in GenBank under accession numbers SAMN46881665-SAMN46881691 and BioProject PRJNA1225250."", ""dataset_name"": ""A comprehensive database of expert-curated occurrences for the genus Carex L. (Cyperaceae)"", ""source_length"": 84312, ""full_source_length"": 94877, ""num_context_blocks"": 0, ""extraction_strategy"": ""llm_context""}",9,8,9,"{""completeness"": 9, ""conciseness"": 8, ""readability"": 9}",2025-12-09 20:15:16
Augmented_AutoDDG-201712,TetrapodTraits Database,Research_longv2,Augmented_AutoDDG,"This dataset contains a comprehensive collection of tetrapod traits, including characteristics such as body length, mass, and activity patterns. The data was acquired from various sources, including literature references and online databases. The dataset is particularly useful for researchers studying the evolution and ecology of tetrapods. It includes 21 figures and two tables that provide detailed information on the variables included in the TetrapodTraits database and the number of species with natural history data available per tetrapod group. The dataset was used to analyze changes in average attributes after imputation-based gap filling, providing valuable insights into the patterns and trends of tetrapod traits.  The semantic profile of this dataset reveals that it contains a wide range of variables, including measurements, categories, and temporal data. The dataset is primarily focused on measurement and classification, with many variables representing physical or environmental characteristics. The spatial data resolution varies across different variables, ranging from country-level to coordinate-based resolutions. Overall, the dataset provides a rich source of information for researchers studying tetrapod traits.  This dataset can be used for various purposes, including analyzing patterns and trends in tetrapod traits, understanding the effects of imputation-based gap filling on average attributes, and exploring the relationships between different variables. The dataset is particularly relevant to researchers working in the fields of ecology, evolution, and conservation biology.",llm_context,"{""summary"": ""This appears to be a large dataset with multiple figures and tables, along with some text describing the research and acknowledgments. I'll try to break it down into its main components:\n\n**Figures (S1-S21)**\n\nThese are 21 figures that accompany the paper, each with a unique identifier (e.g., S1, S2, ..., S21). The figures appear to be related to the changes in average attributes after imputation-based gap filling, and they include various types of plots such as bar charts, scatter plots, and box plots.\n\n**Tables (S1-S2)**\n\nThere are two tables that accompany the paper:\n\n* **S1 Table**: Variables included in the TetrapodTraits database.\n* **S2 Table**: Number of species with natural history data available per tetrapod group.\n\n**Acknowledgments**\n\nThe authors thank many researchers who contributed to the preparation of this database by providing their sources and data.\n\n**Text**\n\nThe text appears to be a brief summary of the research, including:\n\n* A description of the TetrapodTraits database\n* An explanation of the imputation-based gap filling method used in the study\n* Results showing changes in average attributes after imputation-based gap filling\n\nOverall, this dataset seems to be related to a scientific paper on the creation and analysis of a large database of tetrapod traits."", ""dataset_name"": ""TetrapodTraits Database"", ""source_length"": 103035, ""full_source_length"": 105977, ""num_context_blocks"": 0, ""extraction_strategy"": ""llm_context""}",9,8,9,"{""completeness"": 9, ""conciseness"": 8, ""readability"": 9}",2025-12-09 20:17:12
Augmented_AutoDDG-201722,leafnp_data,Research_longv2,Augmented_AutoDDG,"This dataset contains plant species attributes with various environmental variables. The dataset includes spatial data (resolution: Coordinates) for location and spatial location, as well as temporal data (resolution: Day, Month, Year) for measurement and aggregation key purposes. It also represents category, classification/tagging, and identifier functions. The dataset can be used to study plant species, forest ecology, tree characteristics, biodiversity data, and ecosystem attributes. This research article focuses on plant nutrient stoichiometry and its relationship with environmental variables, highlighting the importance of considering both within- and across-species variations in ecological studies.",llm_context,"{""summary"": ""This appears to be a research article in the field of ecology, specifically focusing on plant nutrient stoichiometry and its relationship with environmental variables. Here's a breakdown of the content:\n\n**Introduction**\n\nThe article discusses the importance of understanding how plants respond to different environmental conditions, particularly in terms of their nutrient composition (e.g., nitrogen, phosphorus). The authors aim to investigate the relationships between leaf nutrient concentrations and environmental factors using a large dataset.\n\n**Methods**\n\nThe study uses a combination of statistical models, including random forest (RF), linear mixed effects (LMM), and ordinary least squares (OLS) regression. The authors select a subset of important predictors for each target variable (leaf N, P, and N:P) using recursive feature elimination. They then compare the performance of different modeling approaches on three types of data: full species-level data, site-level aggregated data, and modified data containing only within-species variations.\n\n**Results**\n\nThe results show that environmental variables explain a significant proportion of variation in leaf nutrient concentrations, with some predictors (e.g., temperature, precipitation) having stronger effects than others. The authors also find evidence of intra-specific plasticity, where individual species exhibit different responses to environmental conditions.\n\n**Discussion**\n\nThe study highlights the importance of considering both within- and across-species variations when studying plant nutrient stoichiometry. The authors suggest that their findings have implications for understanding how plants respond to changing environmental conditions, particularly in the context of climate change.\n\n**Conclusion**\n\nThe article concludes by emphasizing the need for further research on the relationships between plant nutrient composition and environmental factors, as well as the importance of considering both within- and across-species variations in ecological studies.\n\nSome key takeaways from this study include:\n\n1. Environmental variables have a significant impact on leaf nutrient concentrations.\n2. Intra-specific plasticity is an important aspect of plant nutrient stoichiometry.\n3. The study highlights the need for considering both within- and across-species variations when studying ecological phenomena.\n\nOverall, this article provides valuable insights into the complex relationships between plants, their environment, and their nutrient composition."", ""dataset_name"": ""leafnp_data"", ""source_length"": 49292, ""full_source_length"": 50857, ""num_context_blocks"": 0, ""extraction_strategy"": ""llm_context""}",8,6,7,"{""completeness"": 8, ""conciseness"": 6, ""readability"": 7}",2025-12-09 20:17:22
Augmented_AutoDDG-201731,Summary-level data from meta-analysis of fat distribution phenotypes in UK Biobank and GIANT,Research_longv2,Augmented_AutoDDG,"This dataset contains genetic variant information with corresponding measurements for various traits. The data includes chromosome (CHR) and position (POS) information, as well as single nucleotide polymorphism (SNP) details, tested allele, other allele, frequency of the tested allele, beta values, standard errors, p-values, sample sizes, and additional metadata. The dataset is used to investigate causal relationships between obesity, adiposity, and blood traits using a multi-omics approach. It provides evidence for significant causal effects on various blood traits, highlighting the importance of addressing these factors in public health initiatives.",llm_context,"{""summary"": ""This is a research paper in the field of genetics and genomics, specifically focusing on the relationship between obesity, adiposity, and blood traits. Here's a summary of the content:\n\n**Introduction**\n\nThe study aims to investigate the causal relationships between obesity, adiposity, and various blood traits using a multi-omics approach.\n\n**Methods**\n\n1. **Data sources**: The study uses publicly available datasets from various sources, including the UK Biobank (UKBB), Meta-analysis, Obesity and Adiposity Summary Statistics, CAD Summary Statistics, and Lipid Trait Summary Statistics.\n2. **Multi-omics analysis**: The authors use a multi-omics approach to analyze the data, combining genetic association studies with Mendelian randomization (MR) methods.\n3. **Mendelian Randomization (MR)**: MR is used to estimate causal effects of obesity and adiposity on various blood traits.\n4. **Conditional GWAS analysis**: Conditional analyses are performed to adjust for BMI or both BMI and WHR.\n\n**Results**\n\nThe study reports the following findings:\n\n1. **Causal relationships**: The authors find significant causal relationships between obesity, adiposity, and various blood traits, including lipid profiles, inflammatory markers, and cardiovascular disease risk factors.\n2. **Mediation analysis**: Mediation analysis reveals that some of these effects are mediated by changes in BMI or WHR.\n\n**Discussion**\n\nThe study's findings suggest that obesity and adiposity have significant causal effects on various blood traits, which may contribute to the development of metabolic disorders and cardiovascular disease.\n\n**Conclusion**\n\nThe authors conclude that their study provides evidence for the causal relationships between obesity, adiposity, and various blood traits, highlighting the importance of addressing these factors in public health initiatives.\n\n**Supplementary materials**\n\nThe supplementary tables (1-24) provide additional information on the datasets used, including summary statistics, gene lists, and gene ontology analyses."", ""dataset_name"": ""Summary-level data from meta-analysis of fat distribution phenotypes in UK Biobank and GIANT"", ""source_length"": 34069, ""full_source_length"": 35634, ""num_context_blocks"": 0, ""extraction_strategy"": ""llm_context""}",9,8,9,"{""completeness"": 9, ""conciseness"": 8, ""readability"": 9}",2025-12-09 20:17:31
Augmented_AutoDDG-201742,Coronavirus disease (COVID-19) case data - South Africa,Research_longv2,Augmented_AutoDDG,"This dataset contains COVID-19 case data for South Africa from March 2020 to February 2022. It includes various metrics such as confirmed cases, deaths, and hospitalizations, which are represented by different columns in the dataset. The data is organized by date, with each row representing a specific day during this period. The dataset has been used in a research study to model the spread of COVID-19 in South Africa using a mathematical model. The study aimed to estimate the number of infections, hospitalizations, and deaths due to COVID-19 and validate its predictions using independent datasets.",llm_context,"{""summary"": ""This is a research article on the COVID-19 pandemic in South Africa, published in eLife. Here's a summary of the content:\n\n**Introduction**\n\nThe article presents a computational study that models the spread of COVID-19 in South Africa from March 2020 to February 2022. The authors used a mathematical model to estimate the number of infections, hospitalizations, and deaths due to COVID-19.\n\n**Methods**\n\nThe authors developed a compartmental model that divides the population into susceptible, infected, and recovered individuals. They also incorporated various factors such as vaccination rates, mobility patterns, and contact tracing data. The model was calibrated using publicly available data on cases, hospitalizations, and excess mortality.\n\n**Results**\n\nThe results show that the model accurately predicted the number of infections, hospitalizations, and deaths due to COVID-19 in South Africa during each wave of the pandemic. The authors also estimated the transmissibility and immune evasion properties of different variants of SARS-CoV-2, including BA.1 (Omicron).\n\n**Validation**\n\nThe authors validated their model using four independent datasets:\n\n1. Serological survey data measuring antibody prevalence.\n2. COVID-19-related hospitalization data from the University of Pretoria.\n3. Age-adjusted excess mortality data from the South African Medical Research Council.\n4. Retrospective predictions of cases and deaths 2 or 1 weeks before the peak of each wave.\n\n**Conclusion**\n\nThe study demonstrates that the model accurately predicted the spread of COVID-19 in South Africa during each wave of the pandemic. The authors conclude that their model can be used to inform public health policy and decision-making.\n\n**Data Availability**\n\nAll data used in this study are publicly available, and the source code and data necessary for replication are available on GitHub.\n\n**Author Information**\n\nThe authors are Wan Yang and Jeffrey L Shaman."", ""dataset_name"": ""Coronavirus disease (COVID-19) case data - South Africa"", ""source_length"": 54986, ""full_source_length"": 56551, ""num_context_blocks"": 0, ""extraction_strategy"": ""llm_context""}",9,8,9,"{""completeness"": 9, ""conciseness"": 8, ""readability"": 9}",2025-12-09 20:17:42
Augmented_AutoDDG-201757,European database of processing factors for pesticides residues in food,Research_longv2,Augmented_AutoDDG,"This dataset contains information on pesticide residues in various food products, including raw commodities, processed commodities, and composite foods. The data includes processing factors, which are used to estimate pesticide residues in processed commodities. The dataset was compiled from various sources, including studies and reports submitted by member states of the European Union. It includes 1,433 processing factors, with new studies and improved data quality added in an update. The dataset can be used for estimating pesticide residues in food products and ensuring food safety.  The dataset has a semantic profile that represents substances, chemicals, codes, products, and temporal entities, among others. It contains various types of data, including categorical, numerical, and text data. The topic of the dataset is ""Food Pesticide Residues,"" which can be further summarized as ""Pesticides in Food Products"" or ""Residue Analysis in Foods."" The dataset can be used for research on food safety, pesticide residues, and environmental health.  The European Food Safety Authority (EFSA) has published a document updating the EU database of processing factors, which includes new studies and improved data quality. The update brings the total number of processing factors to 1,433, with 123 new factors added. The database is used to estimate pesticide residues in processed commodities, and its accuracy and reliability have been improved through regular updates. However, there are still limitations and challenges associated with using processing factors, including variability in study results and limited availability of data for certain commodities.  The dataset has a research literature summary that provides insights into its acquisition, key variables, usage, and limitations. The update of the EU database of processing factors is critical for ensuring food safety and estimating pesticide residues in processed commodities. The methodology used to update the database included evaluating new studies, improving data quality, and aligning with OECD guidelines. The results show improved accuracy and reliability of pesticide residue estimates, but there are still challenges associated with using processing factors.  The dataset can be used by researchers, policymakers, and food safety experts to estimate pesticide residues in food products, ensure food safety, and inform policy decisions. It provides a valuable resource for understanding the impact of pesticides on human health and the environment.",llm_context,"{""summary"": ""Here is a JSON representation of the text:\n\n```\n{\n  \""title\"": \""Update EU database of processing factors\"",\n  \""authors\"": [\n    {\n      \""name\"": \""European Food Safety Authority\""\n    }\n  ],\n  \""publication_date\"": \""2022-09\"",\n  \""abstract\"": \""This document presents an update of the European Union (EU) database of processing factors, which are used to estimate pesticide residues in processed commodities.\"",\n  \""content\"": [\n    {\n      \""section\"": \""Introduction\"",\n      \""text\"": \""The EU database of processing factors is a critical tool for estimating pesticide residues in processed commodities. This document presents an update of the database, which includes new studies and improved data quality.\""\n    },\n    {\n      \""section\"": \""Methodology\"",\n      \""text\"": \""The methodology used to update the database included the evaluation of new studies, improvement of data quality, and alignment with OECD guidelines.\""\n    },\n    {\n      \""section\"": \""Results\"",\n      \""text\"": \""The updated database includes 123 new processing factors, bringing the total number of factors to 1,433. The database also includes improved data quality, including more detailed information on study design and analytical methods.\""\n    },\n    {\n      \""section\"": \""Discussion\"",\n      \""text\"": \""The update of the database has improved the accuracy and reliability of pesticide residue estimates in processed commodities. However, there are still limitations and challenges associated with the use of processing factors, including variability in study results and limited availability of data for certain commodities.\""\n    },\n    {\n      \""section\"": \""Recommendations\"",\n      \""text\"": [\n        {\n          \""recommendation\"": \""Establish a mechanism for regular updates of the EU database of processing factors.\"",\n          \""rationale\"": \""New studies are conducted and submitted continuously, and residue definitions keep changing.\""\n        },\n        {\n          \""recommendation\"": \""Align raw commodity categories used with respect to storage stability and analytical methods.\"",\n          \""rationale\"": \""This should be kept in mind when updating the respective OECD guideline and guidance document.\""\n        }\n      ]\n    }\n  ],\n  \""references\"": [\n    {\n      \""title\"": \""ESA (online)\"",\n      \""author\"": \""\"",\n      \""year\"": \""\""\n    },\n    {\n      \""title\"": \""BNN (2012)\"",\n      \""author\"": \""\"",\n      \""year\"": \""\""\n    }\n  ]\n}\n```\n\nNote that the JSON representation is a simplified version of the original text, and some details may have been lost in translation."", ""dataset_name"": ""European database of processing factors for pesticides residues in food"", ""source_length"": 70953, ""full_source_length"": 70953, ""num_context_blocks"": 0, ""extraction_strategy"": ""llm_context""}",9,8,9,"{""completeness"": 9, ""conciseness"": 8, ""readability"": 9}",2025-12-09 20:17:57
Augmented_AutoDDG-201809,The Global Carbon Project's fossil CO2 emissions dataset,Research_longv2,Augmented_AutoDDG,"This dataset contains carbon emissions data for various countries worldwide. The dataset includes information on total emissions, coal, oil, gas, cement, flaring, other sources, and per capita emissions. It spans from the year 1750 to 2020, covering a wide range of countries with varying levels of economic development. The data is suitable for analyzing country-specific carbon emissions trends and identifying areas for improvement in reducing greenhouse gas emissions. This dataset was used in a study that analyzed the performance of high-income countries in reducing emissions and found that they are not meeting their fair-share carbon budgets.",llm_context,"{""summary"": ""Here is a JSON representation of the text:\n\n```\n{\n  \""title\"": \""\"",\n  \""authors\"": [\n    {\n      \""name\"": \""JH\"",\n      \""contribution\"": \""Conceived the study\""\n    },\n    {\n      \""name\"": \""JV\"",\n      \""contribution\"": \""Led the design of the methods, curated the data, did the computations, and produced the visualisations\""\n    }\n  ],\n  \""abstract\"": \""\"",\n  \""text\"": [\n    {\n      \""paragraph\"": \""The pursuit of aggregate economic growth in high-income countries is a major obstacle to reducing emissions in line with the Paris Agreement.\"",\n      \""sentences\"": [\n        \""The problems created by this approach are concealed in dominant climate-mitigation scenarios by relying on unrealistic assumptions about decoupling and energy efficiency.\"",\n        \""Post-growth approaches would enable societies to largely avoid these problems, thus improving technological feasibility as well as international and intergenerational equity.\""\n      ]\n    },\n    {\n      \""paragraph\"": \""The authors analyzed the performance of high-income countries in reducing emissions and found that they are not meeting their fair-share carbon budgets.\"",\n      \""sentences\"": [\n        \""The study used data from the Global Carbon Project, the World Bank, the Organisation for Economic Co-operation and Development, and the United Nations Population Division.\"",\n        \""The results showed that high-income countries need to abandon the pursuit of aggregate economic growth and instead adopt equitable and sufficiency-oriented post-growth policies.\""\n      ]\n    },\n    {\n      \""paragraph\"": \""The authors emphasized that post-growth climate-mitigation scenarios cannot be modeled by assuming some decoupling or energy efficiency.\"",\n      \""sentences\"": [\n        \""Future research should involve a similar analysis of national performance on other planetary boundaries, such as ecosystem damage and biodiversity loss.\"",\n        \""Post-growth demand reduction and sufficiency strategies are urgently needed to complement and accelerate feasible technological changes and efficiency improvements.\""\n      ]\n    }\n  ],\n  \""methods\"": \""\"",\n  \""results\"": \""\"",\n  \""discussion\"": \""\"",\n  \""conclusion\"": \""\"",\n  \""references\"": [\n    {\n      \""title\"": \""The latest I\"",\n      \""authors\"": [\n        \""JH\""\n      ],\n      \""year\"": \""\""\n    },\n    {\n      \""title\"": \""Model studies suggest that such strategies, with equitable and sufficiency-oriented demand reduction in high-income countries and international convergence in per-capita consumption levels, could decrease global emissions fast enough to limit warming to 1\u00b75\u00b0C.\"",\n      \""authors\"": [\n        \""JH\""\n      ],\n      \""year\"": \""\""\n    }\n  ],\n  \""funding\"": [\n    {\n      \""source\"": \""Leverhulme Trust\u2019s Research Leadership Award Living Well Within Limits (RL-2016\u2013048)\"",\n      \""amount\"": \""\""\n    },\n    {\n      \""source\"": \""Mar\u00eda de Maeztu Unit of Excellence (CEX2019\u2013374 000940-M) programme from the Spanish Ministry of Science and Innovation\"",\n      \""amount\"": \""\""\n    }\n  ],\n  \""acknowledgments\"": [\n    {\n      \""name\"": \""Aljo\u0161a Slamer\u0161ak\"",\n      \""contribution\"": \""Feedback on an earlier draft\""\n    },\n    {\n      \""name\"": \""William Lamb\"",\n      \""contribution\"": \""Initial methodological input\""\n    },\n    {\n      \""name\"": \""Glen Peters\"",\n      \""contribution\"": \""Explanations on the Global Carbon Budget consumption-based emissions data\""\n    }\n  ]\n}\n```\n\nNote that some of the fields are empty because they were not present in the original text."", ""dataset_name"": ""The Global Carbon Project's fossil CO2 emissions dataset"", ""source_length"": 44551, ""full_source_length"": 49481, ""num_context_blocks"": 0, ""extraction_strategy"": ""llm_context""}",9,8,9,"{""completeness"": 9, ""conciseness"": 8, ""readability"": 9}",2025-12-09 20:18:09
